id;Nome_Munic;exp.vida;idhm;idhm.edu;freq.5a6;freq.11a13.fundamental.final;freq.18a20.medio.completo;freq.15a17.fundamental.completo;escolaridade;renda
3100104;Abadia dos Dourados;75,35;0,689;0,563;74,76;85,82;42,96;65,5;39,36;596,18
3100203;Abaeté;75,9;0,698;0,556;95,99;89,89;39,16;50,38;36,32;707,24
3100302;Abre Campo;74,36;0,654;0,525;86,15;92,5;36,63;55,2;31,69;444,32
3100401;Acaiaca;74,36;0,63;0,499;100;77,98;19,41;43,92;34,16;357,03
3100500;Açucena;75,66;0,61;0,451;66,14;89,33;22,21;55,24;27,12;325,42
3100609;Água Boa;72,94;0,576;0,403;70,11;75,75;22,78;36,92;24,73;322,12
3100708;Água Comprida;76,58;0,675;0,498;96,92;77,92;25,71;46,18;32,37;701,19
3100807;Aguanil;75,7;0,663;0,513;83,99;92,74;19,7;58,92;33,23;524,43
3100906;Águas Formosas;73,63;0,645;0,531;77,57;91,57;31,99;53,99;36,82;389,57
3101003;Águas Vermelhas;73,46;0,601;0,458;88,43;80,68;21,25;44,95;27,75;306,97
3101102;Aimorés;73,58;0,684;0,576;90,39;86,38;35,51;60,74;40,89;567,46
3101201;Aiuruoca;77,23;0,668;0,505;91,14;82,36;32,54;47,05;32,19;539,92
3101300;Alagoa;74,93;0,649;0,518;87,01;91,34;34,31;63,34;29,19;413,75
3101409;Albertina;73,76;0,673;0,549;98,16;79,24;41,7;56,04;34,92;564,08
3101508;Além Paraíba;76,43;0,726;0,626;98,77;77,34;39,12;60,21;51,65;674,5
3101607;Alfenas;75,45;0,761;0,712;98,85;92,35;55,96;71,69;56,77;783,41
3101631;Alfredo Vasconcelos;75,01;0,675;0,587;97,67;82,54;41,77;65,02;39,25;400,14
3101706;Almenara;73,18;0,642;0,518;87,87;82,65;25,45;49,35;36,95;419,98
3101805;Alpercata;74,43;0,646;0,521;92,4;87,07;26,85;45,91;35,51;401,21
3101904;Alpinópolis;76,71;0,725;0,629;97,05;90,06;42,16;71,8;43,75;633,91
3102001;Alterosa;75,83;0,668;0,536;89,63;91,7;30,94;59,05;33,52;475,99
3102050;Alto Caparaó;75,54;0,661;0,514;94,51;85,62;23,98;55,2;32,28;505,1
3153509;Alto Jequitibá;72,21;0,66;0,554;88,29;94,11;32,82;57,25;36,55;486,73
3102100;Alto Rio Doce;74,7;0,62;0,483;85,42;79,4;33,45;62,83;26,39;323,95
3102209;Alvarenga;72,85;0,592;0,441;77,23;78,94;30,56;39,98;26,56;312,46
3102308;Alvinópolis;74,34;0,676;0,577;97,61;86,93;42,13;61,01;37,07;460,96
3102407;Alvorada de Minas;72,65;0,572;0,414;89,53;68,28;25,32;34,02;24,05;277,99
3102506;Amparo do Serra;73,63;0,641;0,528;97,84;87,7;35,36;52,53;31,4;368,72
3102605;Andradas;77,69;0,734;0,617;96,95;91,69;47,22;61,87;42,53;754,39
3102803;Andrelândia;74,06;0,7;0,621;98,17;93,55;46,18;66,9;41,22;534,68
3102852;Angelândia;70,36;0,597;0,473;85,05;79,92;32,27;45,9;28,74;322,8
3102902;Antônio Carlos;75,3;0,683;0,584;94,12;91,33;44,03;57,71;38,74;457,02
3103009;Antônio Dias;75,93;0,645;0,507;100;84,62;22,48;53,14;30,83;387,61
3103108;Antônio Prado de Minas;74,79;0,684;0,572;100;87,4;34,63;60,32;37,5;529,54
3103207;Araçaí;73,28;0,695;0,632;93,16;94,5;43,14;67,94;45,2;482,4
3103306;Aracitaba;74,37;0,661;0,577;100;73,02;59,38;76,65;32,11;351,6
3103405;Araçuaí;74,27;0,663;0,56;89,62;91,94;33,57;55,63;38,3;410,67
3103504;Araguari;77,28;0,773;0,716;93,08;90,6;59,77;73,5;58,49;798,63
3103603;Arantina;75,05;0,697;0,641;100;90,03;56,89;85,04;38,34;411,16
3103702;Araponga;70,6;0,536;0,339;66,13;76,67;16,85;37,47;16;328,75
3103751;Araporã;73,78;0,708;0,646;96,43;91,11;39,58;70,25;48,77;536,04
3103801;Arapuá;77,27;0,724;0,608;93,46;87,48;51,08;78,49;37,3;696,47
3103900;Araújos;76,27;0,698;0,574;100;89,55;29,78;55,14;40,2;599,3
3104007;Araxá;76,49;0,772;0,709;97,84;85,47;52,64;65,47;62,76;883,88
3104106;Arceburgo;73,61;0,683;0,573;96,5;87,79;33,02;54,33;40,65;576,68
3104205;Arcos;77,43;0,749;0,671;92,55;90,45;44,46;72,55;53,59;691,16
3104304;Areado;75,84;0,727;0,649;98,17;87,2;55,85;72,54;44,43;622,83
3104403;Argirita;74;0,643;0,505;93,31;79,46;35,55;38,62;33,83;442,45
3104452;Aricanduva;72,22;0,582;0,454;77,32;82,6;25,48;52,58;26,52;249,75
3104502;Arinos;73,88;0,656;0,57;77,89;85,32;39,63;61,99;42,15;349,52
3104601;Astolfo Dutra;76,5;0,694;0,567;97,55;90,11;31,38;46,23;41,51;572,06
3104700;Ataléia;73,77;0,588;0,423;74,99;86,03;21,56;33,54;26,03;317,64
3104809;Augusto de Lima;73,9;0,656;0,557;94,27;86,77;27,53;66,97;36,36;384,1
3104908;Baependi;74,97;0,681;0,57;92,84;85,42;37,53;53,37;40,83;497,21
3105004;Baldim;72,21;0,671;0,59;95,7;78,16;40,05;69,87;40,93;458,08
3105103;Bambuí;77,2;0,741;0,636;98,85;86,72;45,25;61,57;48,12;777,46
3105202;Bandeira;73,64;0,599;0,454;98,09;86,69;18,97;46,49;23,86;302
3105301;Bandeira do Sul;73,14;0,692;0,608;98,53;91,33;46,47;61,58;40,43;554,52
3105400;Barão de Cocais;76,46;0,722;0,647;100;84,18;40,29;58,08;54,42;546,85
3105509;Barão de Monte Alto;74,64;0,649;0,533;96,18;94,1;26,13;52,05;33,74;377,1
3105608;Barbacena;77,88;0,769;0,687;96,13;87,6;50,19;68,05;56,88;854,27
3105707;Barra Longa;74,36;0,624;0,482;92,24;86,83;27,25;45,34;28,32;362,62
3105905;Barroso;76,84;0,734;0,678;98,79;87,14;52,17;80,07;49,37;535,1
3106002;Bela Vista de Minas;72,72;0,674;0,597;99,14;94,71;29,21;50,58;45,39;440,23
3106101;Belmiro Braga;74,81;0,66;0,531;93,17;80,89;28,55;58,76;35,13;464,5
3106200;Belo Horizonte;76,37;0,81;0,737;93,68;90,01;52,84;65,35;70,15;1497,29
3106309;Belo Oriente;73,77;0,686;0,606;100;87,87;34,34;54,24;46,51;470,05
3106408;Belo Vale;73,86;0,655;0,514;94,32;90,53;31,98;47,14;31,07;524,03
3106507;Berilo;73,97;0,628;0,524;86,26;89,4;31,05;61,07;32,17;295,62
3106655;Berizal;70,41;0,604;0,52;89,32;87,44;28,79;60,64;31,83;261,24
3106606;Bertópolis;72,96;0,594;0,455;72,94;77,36;25,15;54,47;28,42;288,77
3106705;Betim;76,82;0,749;0,687;92,34;90,19;46,49;68,48;58,65;660,56
3106804;Bias Fortes;72,75;0,62;0,495;82,64;89,02;28,18;69,43;26,72;344,35
3106903;Bicas;75,99;0,744;0,667;100;89,27;45,91;61,44;53,8;735
3107000;Biquinhas;76,4;0,688;0,555;97,64;91,03;40,39;55,16;33,93;565,37
3107109;Boa Esperança;76,28;0,704;0,587;92,24;81,35;41,23;57,7;43,58;599,17
3107208;Bocaina de Minas;75,87;0,645;0,476;87,93;82,03;21,6;54,99;28,39;501,73
3107307;Bocaiúva;74,29;0,7;0,644;96,88;86,38;46,26;64,27;49,46;451,54
3107406;Bom Despacho;76,66;0,75;0,661;100;87,21;46,04;64,11;52,22;809,9
3107505;Bom Jardim de Minas;74,34;0,673;0,569;93,04;88,2;36,93;54,56;39,61;464,99
3107604;Bom Jesus da Penha;76,74;0,735;0,662;97,13;98,04;59,76;75,96;42,47;607,73
3107703;Bom Jesus do Amparo;75,01;0,683;0,582;98,82;88,43;28,18;59,87;41,72;472,21
3107802;Bom Jesus do Galho;73,01;0,623;0,491;84,74;85,23;30,94;49,76;30,14;368
3107901;Bom Repouso;74,25;0,653;0,523;91,19;82,09;50,17;51,95;30,17;447,85
3108008;Bom Sucesso;73,49;0,692;0,602;95,36;79,74;39,38;68,37;43,56;551,39
3108107;Bonfim;75,01;0,637;0,464;95,74;82,44;31,05;40,13;25,69;512,94
3108206;Bonfinópolis de Minas;72,73;0,678;0,598;88,69;87,01;45,45;65,72;41,54;472,15
3108255;Bonito de Minas;71,57;0,537;0,388;68,04;79,49;12,99;33,31;24,81;195,65
3108305;Borda da Mata;76,92;0,73;0,64;96,32;86,06;51,99;71,54;44,76;635,37
3108404;Botelhos;77,07;0,702;0,568;93,35;90,37;37,41;59,17;37,29;630,12
3108503;Botumirim;71,94;0,602;0,517;72,75;86,63;29,96;67,9;33,49;230,25
3108552;Brasilândia de Minas;75,87;0,674;0,559;97;82,05;32,95;53,32;39,76;444,35
3108602;Brasília de Minas;73,78;0,656;0,568;77,42;93,89;39,55;62,56;39,24;360,93
3108909;Brasópolis;75,45;0,692;0,566;91,26;88,3;29,12;56,4;41,26;613,88
3108701;Brás Pires;73,03;0,625;0,523;94,75;93,58;33,55;65,64;27,73;299,02
3108800;Braúnas;73,1;0,624;0,478;87,35;84,67;29,78;59,73;25,57;416,84
3109006;Brumadinho;76,39;0,747;0,639;97,55;87,57;40,87;62,26;50,27;910,31
3109105;Bueno Brandão;75,9;0,658;0,507;95,62;90,37;28,05;64,15;26,96;491,08
3109204;Buenópolis;72,74;0,669;0,579;95,03;77,77;46;60,38;39,9;456,55
3109253;Bugre;73,01;0,627;0,511;89,42;89,07;33,42;67,35;27,35;338,39
3109303;Buritis;73,88;0,672;0,558;89,55;85,05;31,43;50,59;42,16;505,59
3109402;Buritizeiro;71,06;0,624;0,524;89,83;85,05;28,32;47,79;36,62;340,72
3109451;Cabeceira Grande;72,25;0,648;0,542;95,58;88,95;35,75;45,11;36,3;424,47
3109501;Cabo Verde;75,82;0,674;0,527;88,65;85,05;33,83;54,29;34,06;571,6
3109600;Cachoeira da Prata;75,02;0,741;0,707;96,1;92,21;59,45;72,12;55,34;583,28
3109709;Cachoeira de Minas;74,25;0,706;0,637;86,85;92,1;50,68;76;44,22;527,44
3102704;Cachoeira de Pajeú;71,25;0,578;0,444;96,95;77,09;20,44;40,08;25,49;265,27
3109808;Cachoeira Dourada;76,02;0,726;0,648;98,61;96,24;43,65;66,35;46,76;606,15
3109907;Caetanópolis;75,71;0,706;0,617;100;88,37;39,4;60,73;45,11;531,65
3110004;Caeté;75,62;0,728;0,663;93,37;83,19;47,74;70,19;53,79;586,16
3110103;Caiana;74,98;0,633;0,483;89,15;84,43;28,77;47,6;28,86;406,23
3110202;Cajuri;73,26;0,617;0,487;88,8;83,81;20,67;42,89;33,1;333,45
3110301;Caldas;77,35;0,687;0,529;79,84;88,12;32,08;66,76;33,27;627,21
3110400;Camacho;75,38;0,69;0,612;83,08;92,62;66,51;70,32;37,59;425,8
3110509;Camanducaia;75,22;0,689;0,553;96,93;89,17;37,39;52,36;35,61;649,49
3110608;Cambuí;77,33;0,751;0,674;89,19;91,3;60,81;73,88;49,21;712,9
3110707;Cambuquira;76,34;0,699;0,577;84,94;91,61;35,6;46,18;45,97;588,83
3110806;Campanário;74,85;0,616;0,464;89,57;76,24;21,39;30,28;33,68;350,46
3110905;Campanha;75,93;0,709;0,587;88,38;92,04;34,64;56,12;44,03;686,16
3111002;Campestre;75,59;0,698;0,566;90,79;90,91;39,1;65,12;35,39;669,87
3111101;Campina Verde;77,06;0,704;0,562;88,55;78,95;36,78;60,25;40,68;681,73
3111150;Campo Azul;72,96;0,621;0,546;94,83;90,01;32,33;71,79;31,23;244,97
3111200;Campo Belo;77,1;0,711;0,586;92,46;87,54;33,94;56,88;44,04;646,71
3111309;Campo do Meio;74,61;0,683;0,588;95,32;83,24;37,73;67,31;40,37;472,71
3111408;Campo Florido;76,46;0,706;0,558;95,43;85,74;33,61;49,55;39,7;774,88
3111507;Campos Altos;76,62;0,702;0,582;94,6;90,77;37,78;54,81;40,89;587,21
3111606;Campos Gerais;74,27;0,682;0,58;96,09;88,05;39,45;61,79;38,4;503,91
3111705;Canaã;72,88;0,649;0,532;95,08;93,7;35,77;61,83;29,44;439,71
3111804;Canápolis;77,32;0,722;0,598;97,72;93,37;41,39;68,57;37,67;711,27
3111903;Cana Verde;74,25;0,65;0,512;84,14;94,35;27,13;63,6;29,73;463,1
3112000;Candeias;74,81;0,678;0,537;91,12;82,88;36,47;66,48;32,41;621,22
3112059;Cantagalo;73,94;0,631;0,515;86,38;79,76;32,08;48,23;36,02;329,9
3112109;Caparaó;75,16;0,624;0,473;80,32;84,46;28,69;44,1;29,95;364,52
3112208;Capela Nova;72,84;0,648;0,568;91,56;88,86;46,55;68,07;33,56;338,43
3112307;Capelinha;74,41;0,653;0,527;84,59;89,71;23,3;56,54;36,44;432,55
3112406;Capetinga;75,88;0,675;0,533;84,16;82,44;35,06;57,47;36,04;549,97
3112505;Capim Branco;75,19;0,695;0,604;100;79,16;41,88;47,09;49,1;497,48
3112604;Capinópolis;75,47;0,723;0,601;94,49;90,66;31,9;62,91;44,44;834,14
3112653;Capitão Andrade;73,28;0,624;0,478;94,74;84,47;24,8;47,74;27,62;403,35
3112703;Capitão Enéas;73,37;0,639;0,565;87,67;87,48;32,13;59,43;40,56;282,97
3112802;Capitólio;74,51;0,71;0,612;96,64;91,58;32,05;68,64;44,01;658,77
3112901;Caputira;73,53;0,615;0,471;84,51;91,31;28,63;49,51;25,87;353,65
3113008;Caraí;71,88;0,558;0,405;72,33;88,59;15,63;35,32;23,56;244,29
3113107;Caranaíba;73,44;0,634;0,533;93,12;89,73;40,15;54,22;31,56;319,88
3113206;Carandaí;74,27;0,697;0,622;100;92,41;45,39;54,73;44,98;495,09
3113305;Carangola;75,19;0,695;0,573;93,79;80,96;39,04;49,19;43,57;618,24
3113404;Caratinga;75,16;0,706;0,603;92,9;84,1;43,79;58,13;45,07;610,29
3113503;Carbonita;72,74;0,638;0,529;84,38;90,22;31,9;50,78;35,78;373,05
3113602;Careaçu;74,41;0,683;0,581;100;84,72;41,48;51,06;40,75;504,96
3113701;Carlos Chagas;74,55;0,648;0,513;80,43;80,39;33,48;55,38;34,67;432,37
3113800;Carmésia;73,28;0,65;0,54;95,54;88,82;31,3;53,06;34,81;404,76
3113909;Carmo da Cachoeira;73,03;0,655;0,523;89,48;82,99;28,85;43,38;38,21;525,35
3114006;Carmo da Mata;75,41;0,689;0,572;94,53;90,55;35,81;61,63;37,48;551,21
3114105;Carmo de Minas;75,71;0,682;0,562;94,4;83,85;36,24;59,45;37,8;511,95
3114204;Carmo do Cajuru;76,16;0,71;0,605;100;86,78;43,56;60,07;42,14;606,19
3114303;Carmo do Paranaíba;76,63;0,705;0,571;96,63;83,37;40,02;58,82;38,27;678,13
3114402;Carmo do Rio Claro;76,01;0,733;0,649;88,99;93,86;49,39;73,28;46,87;685,17
3114501;Carmópolis de Minas;75,99;0,7;0,582;98,25;86,57;36,23;66,22;38,33;599,63
3114550;Carneirinho;77,37;0,741;0,622;98,07;84,34;54,23;62,36;43,09;847,07
3114600;Carrancas;77,59;0,725;0,632;94,24;82,36;56,94;67,85;44,51;576,62
3114709;Carvalhópolis;75,98;0,724;0,648;100;87,71;46,3;76,9;44,99;579,4
3114808;Carvalhos;74,2;0,646;0,492;86,65;90,58;29,39;51,97;28,62;506,24
3114907;Casa Grande;74,39;0,652;0,555;93,9;76,24;41,32;61,34;36,69;351,47
3115003;Cascalho Rico;75,72;0,721;0,604;96,44;96,55;21,91;80,43;40,49;769,71
3115102;Cássia;75,22;0,704;0,576;92,01;87,48;41,41;58,41;39,33;717,84
3115300;Cataguases;76,68;0,751;0,685;97,96;87,27;53,93;67,94;54,58;699,57
3115359;Catas Altas;74,65;0,684;0,582;100;80,79;27,32;52,77;46,4;502,15
3115409;Catas Altas da Noruega;72,96;0,6;0,46;86,34;86,94;33,67;33,53;26,91;309,82
3115458;Catuji;71,23;0,54;0,382;70,85;70,91;18,28;32,6;24;221,41
3115474;Catuti;71,38;0,621;0,549;92,6;96,39;43,11;75,03;27,98;265,76
3115508;Caxambu;75,85;0,743;0,629;100;76,15;38,79;57,86;53,53;963,25
3115607;Cedro do Abaeté;73,04;0,678;0,608;100;97,58;55,05;64,52;35,67;431,2
3115706;Central de Minas;74,37;0,665;0,54;98,39;88,89;37,42;53,51;32,54;494,1
3115805;Centralina;76,19;0,678;0,558;93,94;80,48;31,28;57,7;39,87;468,15
3115904;Chácara;77,66;0,664;0,512;94,28;76,54;18,81;52,42;36,59;456,42
3116001;Chalé;72,21;0,655;0,561;92,33;87,45;38,3;55,65;37,84;418,8
3116100;Chapada do Norte;72,86;0,598;0,469;93,74;88,55;23,53;45,81;25,99;279,92
3116159;Chapada Gaúcha;74,22;0,635;0,546;77,79;87,83;33,56;58,37;39,21;282,53
3116209;Chiador;77,05;0,711;0,559;93,41;81,63;49,8;36,29;40,86;808,78
3116308;Cipotânea;69,97;0,579;0,437;78,22;86,96;19,35;54,34;23,39;317,62
3116407;Claraval;75,88;0,698;0,584;93,26;90,01;36,73;64,94;39,31;575,11
3116506;Claro dos Poções;72,96;0,67;0,625;85,16;94,67;50,48;75,88;41,69;337,07
3116605;Cláudio;75,75;0,709;0,602;94,88;93,07;38,26;57,03;43,59;625,88
3116704;Coimbra;74,49;0,669;0,558;94,13;87,6;45,32;57,68;34,3;454,81
3116803;Coluna;71,91;0,583;0,43;76,66;82,82;19,37;40,09;26,46;315
3116902;Comendador Gomes;76,01;0,697;0,566;94,6;82,08;41,19;39,7;43,75;635,2
3117009;Comercinho;72,83;0,593;0,462;92,44;87,16;27,65;39,52;25,93;271,4
3117108;Conceição da Aparecida;75,83;0,691;0,566;95,92;88,51;32,03;71,21;35,08;579,34
3115201;Conceição da Barra de Minas;73,91;0,685;0,59;96,91;85,68;46,52;75,99;35,21;511,91
3117306;Conceição das Alagoas;76,72;0,712;0,57;89,61;76,93;44,75;47,72;44,2;770,02
3117207;Conceição das Pedras;74,25;0,668;0,566;100;88,6;36,25;67,36;34,03;434,68
3117405;Conceição de Ipanema;74,51;0,676;0,565;93,77;94,89;44,35;71,56;31,24;497,4
3117504;Conceição do Mato Dentro;72,65;0,634;0,517;82,06;90,96;26,06;59,37;33,24;384,42
3117603;Conceição do Pará;75,97;0,7;0,588;98,19;79,78;40,37;65,5;40,34;576,48
3117702;Conceição do Rio Verde;75,01;0,665;0,522;88,24;82,27;21,77;50,29;38,68;533,38
3117801;Conceição dos Ouros;75,49;0,703;0,618;93,46;85,38;47,46;69,19;43,15;509,52
3117836;Cônego Marinho;72,96;0,621;0,544;92,56;93,95;30,58;50,58;36,02;245,64
3117876;Confins;74,79;0,747;0,711;98,88;92,64;60,29;63,11;58,01;647,2
3117900;Congonhal;75,81;0,712;0,626;97,68;94,35;44,82;69,76;41,55;553,81
3118007;Congonhas;77,59;0,753;0,665;96,56;87,06;42,15;61,17;57,05;760,35
3118106;Congonhas do Norte;69,74;0,568;0,433;72,2;82,63;13,98;51,76;26,78;270,3
3118205;Conquista;77,59;0,729;0,618;95;88,67;48,97;47,36;48,12;678,21
3118304;Conselheiro Lafaiete;76,62;0,761;0,697;96,85;90,44;49,91;62,93;60,26;781,59
3118403;Conselheiro Pena;75,24;0,662;0,537;86,91;82,14;35,78;58,09;35,79;445,95
3118502;Consolação;73,36;0,673;0,602;100;92,08;69,42;63,37;33,13;395,33
3118601;Contagem;74,94;0,756;0,697;92,65;87,94;48,08;66,08;62,3;824,3
3118700;Coqueiral;75,26;0,694;0,601;90,87;89,48;50,28;70,9;38,11;495,77
3118809;Coração de Jesus;73,48;0,642;0,57;81,58;92,94;44,06;65,35;36,65;287,28
3118908;Cordisburgo;72,17;0,656;0,558;87,05;90,14;35,17;57,28;38,22;440,09
3119005;Cordislândia;73,39;0,66;0,544;83,38;84,66;45,77;59,07;34,57;468,59
3119104;Corinto;75,49;0,68;0,562;86,37;81,41;29,57;58,93;43,05;499,56
3119203;Coroaci;73,64;0,626;0,493;92,49;82,74;26,15;42,31;32,25;362,9
3119302;Coromandel;76,57;0,708;0,565;84,83;87,37;39,58;53,27;41,09;753,35
3119401;Coronel Fabriciano;76,88;0,755;0,696;97,19;89,77;49,36;67,14;58,57;685,48
3119500;Coronel Murta;72,05;0,627;0,543;93,32;84,13;31,4;65,13;34,1;291,66
3119609;Coronel Pacheco;72,36;0,669;0,565;97,45;86,84;33,38;52,09;39,79;525,62
3119708;Coronel Xavier Chaves;74,4;0,677;0,563;96,08;91,86;42,84;43,71;37,94;518,32
3119807;Córrego Danta;75,61;0,692;0,575;100;86,47;35,33;54,42;39,83;561,81
3119906;Córrego do Bom Jesus;75,4;0,692;0,592;93,84;88,81;46,33;65,05;38,37;501,15
3119955;Córrego Fundo;72,67;0,678;0,597;97,87;90,56;42,15;68,52;38,03;477,36
3120003;Córrego Novo;73,32;0,632;0,525;93,62;90,56;31,14;62,56;30,03;327,06
3120102;Couto de Magalhães de Minas;73,4;0,659;0,592;97,24;85,33;41,28;55,1;42,74;333,91
3120151;Crisólita;72,96;0,585;0,432;80,54;77,89;19,63;48,36;25,17;294,11
3120201;Cristais;76,54;0,692;0,525;91,12;84,29;28,69;49,39;36,09;780,18
3120300;Cristália;72,71;0,583;0,482;83,84;66,75;23,87;51,82;34,85;200,51
3120409;Cristiano Otoni;74,39;0,695;0,626;98,19;96,9;52,94;58,37;41,86;458,68
3120508;Cristina;75,53;0,668;0,55;93,65;87,22;32,32;61,18;35,44;442,25
3120607;Crucilândia;73,97;0,651;0,518;100;88,35;36,89;49,43;29,48;464,17
3120706;Cruzeiro da Fortaleza;74,94;0,696;0,562;90,31;84,73;43,98;53,14;38,25;707,8
3120805;Cruzília;76,17;0,695;0,587;92,25;93,37;38,8;61,66;39,61;520,72
3120839;Cuparaque;72,85;0,627;0,497;91,07;74,16;30,34;53,59;31,73;381,64
3120870;Curral de Dentro;70,51;0,585;0,462;92,73;82,25;18,23;45,3;27,69;279,64
3120904;Curvelo;76,05;0,713;0,617;95,11;87,19;36,64;61,18;47,95;581,65
3121001;Datas;70,36;0,616;0,524;85,82;87,04;38,85;52,46;33,13;313,84
3121100;Delfim Moreira;75,2;0,669;0,552;78,81;86,89;38,1;63,31;37,74;454,36
3121209;Delfinópolis;77,31;0,74;0,661;94,68;86,69;51,31;72,44;49,56;632,28
3121258;Delta;73,46;0,639;0,481;93,29;74,77;19,97;46,68;32,32;523,34
3121308;Descoberto;72,85;0,68;0,599;96,53;90,76;46,51;72,54;36,71;477,97
3121407;Desterro de Entre Rios;73,14;0,639;0,536;93,02;93,49;43,39;64,16;28,48;348,88
3121506;Desterro do Melo;73,53;0,631;0,503;90,84;93,7;46,39;52,32;25,36;373,25
3121605;Diamantina;75,33;0,716;0,632;87,9;86,68;44,77;61,37;51,33;597,41
3121704;Diogo de Vasconcelos;73,63;0,601;0,464;97,74;83,73;33,05;50,48;22,69;291,48
3121803;Dionísio;74,24;0,702;0,647;100;96,04;54,93;77,71;40,03;461,02
3121902;Divinésia;72,11;0,657;0,559;100;98,42;32,15;51,74;35,1;441,49
3122009;Divino;74,36;0,605;0,421;64,43;74,7;23,04;45,52;27,8;426,94
3122108;Divino das Laranjeiras;73,64;0,661;0,571;96,63;96,89;35,29;59,55;35,94;388,4
3122207;Divinolândia de Minas;73,72;0,623;0,495;86,8;87,93;25,33;40,57;33,52;340,1
3122306;Divinópolis;75,63;0,764;0,702;96,14;91,9;49,11;68,6;59,31;868,57
3122355;Divisa Alegre;68,39;0,608;0,515;99,16;89,62;21,46;42,45;34,14;341,94
3122405;Divisa Nova;73,03;0,67;0,57;95,8;89,27;46,34;62,68;34,31;484,91
3122454;Divisópolis;73,1;0,609;0,489;91,49;89,45;23,32;41,01;31,11;290,45
3122470;Dom Bosco;73,88;0,673;0,597;90,15;90,57;50,87;73,88;36,42;394,72
3122504;Dom Cavati;72,03;0,688;0,63;98,52;96,93;46,26;77,53;39,32;485,9
3122603;Dom Joaquim;74,12;0,622;0,482;96,36;89,88;15,98;47,73;28,65;355,58
3122702;Dom Silvério;75,8;0,709;0,636;96,76;97,11;50,48;82,01;38,72;488,84
3122801;Dom Viçoso;74,12;0,687;0,641;100;89,63;61,63;88,93;36,35;371,63
3122900;Dona Eusébia;75,45;0,701;0,598;94,22;92,42;39,06;67,13;39,96;563,76
3123007;Dores de Campos;74,4;0,686;0,585;95,72;82,97;44,62;59,05;40,22;520,98
3123106;Dores de Guanhães;74,26;0,636;0,512;100;87,97;35,9;45,54;29,61;361,09
3123205;Dores do Indaiá;75,4;0,719;0,623;97,21;92,45;36,32;64,92;45,67;663,62
3123304;Dores do Turvo;74,75;0,629;0,49;87,8;86,4;34,79;51,4;27,82;363,3
3123403;Doresópolis;77,11;0,692;0,585;100;80,79;17,71;68,51;44,82;461,8
3123502;Douradoquara;75,84;0,706;0,591;84,65;92,82;41,33;69,22;39,86;640,34
3123528;Durandé;75,54;0,645;0,508;78,31;90,11;32,32;62,73;30,1;392,68
3123601;Elói Mendes;75,26;0,685;0,558;89,53;81,44;39,37;45,52;42,4;577,5
3123700;Engenheiro Caldas;73,91;0,644;0,518;91,59;81,79;33,07;51,7;33,44;407,77
3123809;Engenheiro Navarro;72,44;0,655;0,594;91,2;91,58;38,41;67,24;40,37;332,37
3123858;Entre Folhas;72,5;0,634;0,521;85,96;84,04;41,91;59,25;30,81;373,1
3123908;Entre Rios de Minas;73,14;0,672;0,563;92,41;82,64;40,32;57,17;38,54;527,33
3124005;Ervália;74,7;0,625;0,46;81,49;81,43;20,75;49,54;28,72;429,35
3124104;Esmeraldas;74,31;0,671;0,567;84,42;85,45;43,85;54,05;40,82;452,62
3124203;Espera Feliz;75,77;0,663;0,52;94,12;88,12;21,72;50,32;34,69;496,04
3124302;Espinosa;73,26;0,627;0,526;85,01;85,7;28,38;55,61;35,82;299,13
3124401;Espírito Santo do Dourado;75,81;0,685;0,576;91,91;95,24;44,3;71,28;33,4;486,55
3124500;Estiva;75,9;0,691;0,573;94,99;89,84;45,15;66,53;34,27;547,01
3124609;Estrela Dalva;77,04;0,71;0,574;100;87,91;40,9;57,77;36,76;701,83
3124708;Estrela do Indaiá;77,49;0,676;0,521;96,3;90,86;28,38;49,56;32,11;547,21
3124807;Estrela do Sul;75,4;0,696;0,579;94,47;82,27;41,73;54,17;41,72;600,41
3124906;Eugenópolis;75,77;0,675;0,551;93,74;81,01;29,02;59,94;38,55;486,46
3125002;Ewbank da Câmara;74,37;0,676;0,601;90,07;85,21;50,73;65,9;40,71;391,34
3125101;Extrema;75,95;0,732;0,633;90,52;84,56;42,8;64,9;50,78;745,21
3125200;Fama;76,77;0,717;0,61;90,54;91,32;47,12;62,85;42,59;624,24
3125309;Faria Lemos;73;0,687;0,598;94,67;79,2;40,51;64,89;43,8;544,77
3125408;Felício dos Santos;72,61;0,606;0,494;96,01;88,87;28,08;50,46;27,79;274,2
3125606;Felisburgo;69,66;0,583;0,462;87,38;88,63;20,85;40,15;28,12;290,8
3125705;Felixlândia;73,9;0,648;0,514;90,38;86,02;26,48;46,11;35,08;459,52
3125804;Fernandes Tourinho;73,43;0,646;0,55;100;90,99;26,62;56,71;35,3;351,58
3125903;Ferros;74,24;0,603;0,428;97,13;82,6;14,46;41,03;22,66;392,08
3125952;Fervedouro;72,73;0,58;0,42;82,2;79,65;19,72;46,26;22,75;301,55
3126000;Florestal;75,69;0,724;0,617;96,53;82,61;43,15;56,59;48,41;741,46
3126109;Formiga;77,43;0,755;0,676;92,98;93,82;50,95;74,48;50,7;746,8
3126208;Formoso;75,04;0,64;0,51;75,02;78,85;32,55;49,23;38,17;370,41
3126307;Fortaleza de Minas;73,31;0,67;0,546;76,93;82,95;30,49;57,57;42,27;562,53
3126406;Fortuna de Minas;75,7;0,696;0,613;100;91,94;35,83;61,91;44,01;459,52
3126505;Francisco Badaró;72,57;0,622;0,527;98,21;85,95;32,34;63,31;29,9;286,56
3126604;Francisco Dumont;72,8;0,625;0,513;85,82;83,91;24,96;63,86;32,34;326,7
3126752;Franciscópolis;73,14;0,603;0,471;74,59;92,03;28,76;50,69;27,59;296,76
3126703;Francisco Sá;73,48;0,654;0,572;92,45;88,65;44,21;63,43;35,92;344,32
3126802;Frei Gaspar;72,96;0,59;0,452;79,23;80,77;26,7;43,24;27,93;275,62
3126901;Frei Inocêncio;71,72;0,648;0,559;89,79;88,5;33,95;53,84;39,46;389,61
3126950;Frei Lagonegro;69,96;0,543;0,412;91,96;84,01;23,3;28,44;21,56;201,83
3127008;Fronteira;77,28;0,684;0,53;87,65;77,57;30,1;42,23;42,3;598,68
3127057;Fronteira dos Vales;73,8;0,592;0,46;78,75;77,94;25,83;48,17;29,26;255,11
3127073;Fruta de Leite;72,5;0,544;0,37;58,92;80,98;16,64;41,87;20,62;241,93
3127107;Frutal;76,92;0,73;0,615;92,94;84,82;37,37;61,43;48,73;752,01
3127206;Funilândia;75,66;0,655;0,545;95,54;85,15;35,27;55,68;35,12;360,59
3127305;Galiléia;72,71;0,654;0,546;93,69;85,95;40,32;59,76;33,38;442,14
3127339;Gameleiras;72,74;0,65;0,618;100;95,01;52,04;74,13;36,64;258,85
3127354;Glaucilândia;73,72;0,679;0,667;100;90,32;67,92;79,14;41,76;293,97
3127370;Goiabeira;72,91;0,647;0,539;95,82;84,85;43,71;43,89;34,65;398,14
3127388;Goianá;75,1;0,716;0,644;92,79;84,13;54,24;69,44;47,27;558,09
3127404;Gonçalves;74,96;0,683;0,57;95,94;97,47;32,55;69,39;34,03;519,03
3127503;Gonzaga;71,44;0,606;0,516;89,08;94,34;30,42;65,84;28,16;258,04
3127602;Gouveia;74,98;0,681;0,609;93,91;93,97;42,76;62,5;42,05;382,78
3127701;Governador Valadares;75,06;0,727;0,644;91,18;87,09;40,9;59,46;54,91;678,74
3127800;Grão Mogol;72,44;0,604;0,482;79,9;89,4;26,55;46,09;30,55;293,87
3127909;Grupiara;75,64;0,731;0,682;100;100;62,32;66,62;46,97;548,38
3128006;Guanhães;74,22;0,686;0,576;93,84;89,24;36,36;55,77;40,41;560,99
3128105;Guapé;74,86;0,679;0,57;88,32;82,91;46,65;64,69;37,15;487,68
3128204;Guaraciaba;72,61;0,623;0,493;84,51;94,2;27,28;53,98;28,28;373,48
3128253;Guaraciama;73,4;0,677;0,655;93,38;94,93;49,93;81,17;43,96;306,99
3128303;Guaranésia;75,7;0,701;0,589;97,97;88,6;35,46;54,18;42,84;598,17
3128402;Guarani;75,96;0,677;0,533;98,47;73,39;35,16;46,37;37,69;568,73
3128501;Guarará;73,1;0,652;0,532;96,34;76,46;32,32;52,29;36,44;457,9
3128600;Guarda-Mor;74,76;0,69;0,558;79,33;86,23;44,02;56,14;39,45;660,72
3128709;Guaxupé;77,81;0,751;0,659;96,41;87,27;45,47;66,36;52,35;746,7
3128808;Guidoval;75,22;0,683;0,569;95,54;94,4;36,31;60,94;35,81;512,85
3128907;Guimarânia;74,51;0,693;0,592;91,19;90,93;37,75;58,63;42,75;552,31
3129004;Guiricema;73,74;0,674;0,576;83,9;89,51;57,2;74,93;32,78;469,56
3129103;Gurinhatã;76,88;0,68;0,525;82,15;80,78;32,81;67,66;33,27;587,76
3129202;Heliodora;74,29;0,657;0,527;91,02;82,99;26,65;57,36;35,18;474
3129301;Iapu;74,12;0,654;0,535;95,09;91,57;35,19;61,4;30,6;427,85
3129400;Ibertioga;75,01;0,657;0,56;95,65;92,8;51,24;63,61;30,55;347,21
3129509;Ibiá;77,62;0,718;0,573;96,5;82,18;31,66;60,51;41,06;781,68
3129608;Ibiaí;72,71;0,614;0,516;92,77;91,42;28,87;52,07;31,18;269,24
3129657;Ibiracatu;72,17;0,591;0,489;93,23;92,51;29,3;46,76;27,29;225,72
3129707;Ibiraci;76,28;0,706;0,591;87,64;89,55;34,76;58,79;45,09;609,71
3129806;Ibirité;75,41;0,704;0,616;88,97;90,29;35,42;62,46;48,58;525,64
3129905;Ibitiúra de Minas;73,14;0,674;0,579;96,96;74,07;52,76;68,2;36,4;479,81
3130002;Ibituruna;74,39;0,675;0,584;100;74,24;50,79;59,36;39,42;426,36
3130051;Icaraí de Minas;72,96;0,624;0,533;84,5;80,55;35,25;50,99;38,44;277,4
3130101;Igarapé;75,63;0,698;0,588;98,8;84,6;31,75;51,12;45,76;570,58
3130200;Igaratinga;75,54;0,651;0,481;94,04;80,1;20,58;49,46;29,87;556,96
3130309;Iguatama;74,51;0,707;0,616;100;91,03;38,05;53,38;47,02;604,59
3130408;Ijaci;75,37;0,714;0,654;98,56;90,53;58,68;61,88;46,65;495,95
3130507;Ilicínea;74,61;0,68;0,571;97,09;79,35;39,86;64,62;37,68;500,79
3130556;Imbé de Minas;69,66;0,553;0,397;86,81;79,71;9,45;56,5;18,5;281,68
3130606;Inconfidentes;75,59;0,692;0,572;89,71;83,95;39,44;68,78;37,61;579,13
3130655;Indaiabira;73,26;0,61;0,49;95,87;88,34;36;54,61;24,96;286,93
3130705;Indianópolis;75,06;0,674;0,554;92,41;88,35;33,26;57,07;36,87;499,36
3130804;Ingaí;76,45;0,697;0,569;100;75,72;43,56;54,51;39,34;602,08
3130903;Inhapim;74,72;0,658;0,535;90,35;93,08;37,07;55,16;32,33;434,81
3131000;Inhaúma;75,71;0,702;0,624;98,6;86,44;38,17;62,18;47,92;477,55
3131109;Inimutaba;73,61;0,664;0,579;98,09;91,23;38,81;63,76;36,49;389,93
3131158;Ipaba;74,72;0,665;0,562;89,23;89,96;35,26;48,73;40,92;403,9
3131208;Ipanema;75,87;0,693;0,586;94,31;87,86;36,77;69,47;38,7;518,1
3131307;Ipatinga;76,85;0,771;0,705;91,71;89,42;50,81;67,38;62,54;862,91
3131406;Ipiaçu;73,82;0,696;0,61;97,05;95,81;43,99;64,21;40,08;550,98
3131505;Ipuiúna;76,98;0,686;0,516;98,37;82,99;34,66;47,55;31,59;719,24
3131604;Iraí de Minas;75,84;0,695;0,563;84,79;79,64;42,57;64,71;38,66;642,98
3131703;Itabira;77,37;0,756;0,678;94,76;89,99;45,69;63,8;57,56;744,61
3131802;Itabirinha;75,3;0,653;0,531;92,23;80,67;26,47;51,38;38,09;390,33
3131901;Itabirito;74,68;0,73;0,638;98,64;85,46;34,22;53,49;56,12;784,55
3132008;Itacambira;72,44;0,628;0,55;71,33;80,64;42,45;60,39;41,08;277,92
3132107;Itacarambi;72,22;0,641;0,564;94,54;85,64;33,33;50,88;41,1;321,22
3132206;Itaguara;75,14;0,691;0,567;91,57;85,58;40,5;62,12;37,36;610,65
3132305;Itaipé;70,52;0,552;0,388;61,22;64,3;22,35;40,21;26,48;277,8
3132404;Itajubá;78,06;0,787;0,718;97,55;88,65;49,4;67,01;64,53;948,2
3132503;Itamarandiba;72,86;0,646;0,547;82,23;90,18;25,47;62,61;38,61;374,21
3132602;Itamarati de Minas;75,45;0,688;0,572;91,15;82,02;41,86;59,81;39,57;540,7
3132701;Itambacuri;72,05;0,634;0,527;91,88;85,13;33,31;45,11;35,85;370,48
3132800;Itambé do Mato Dentro;74,39;0,634;0,513;73,62;92,47;40,13;60,59;30,26;345,17
3132909;Itamogi;73,61;0,674;0,568;91,67;87,7;37,63;71,61;35,13;502,2
3133006;Itamonte;76,17;0,705;0,591;96,52;84,09;34,44;54,18;45,64;604,91
3133105;Itanhandu;77,23;0,739;0,643;97,82;86,27;42,08;64,47;50,3;706,47
3133204;Itanhomi;74,85;0,65;0,503;89,51;88,7;18,13;54,04;32,49;474,77
3133303;Itaobim;72,19;0,629;0,516;86,43;89,9;35,15;37,23;35,57;362,88
3133402;Itapagipe;76,64;0,723;0,603;94,17;80,94;45;60,86;44,45;741,95
3133501;Itapecerica;75,73;0,713;0,618;86,46;84,82;51,6;70,03;44,07;594,71
3133600;Itapeva;77,69;0,72;0,607;98,39;87,04;37,23;60,68;44,68;620,04
3133709;Itatiaiuçu;75;0,677;0,563;94,48;89,43;35,49;56,16;37,46;490,54
3133758;Itaú de Minas;76,74;0,776;0,711;100;90,77;56,64;74,09;55,63;913,39
3133808;Itaúna;76,02;0,758;0,685;98,31;89,64;51,26;67,14;54,78;847,74
3133907;Itaverava;73,63;0,627;0,496;94,36;88,58;37,5;41,68;28,46;363,06
3134004;Itinga;72,83;0,6;0,484;87,89;84,07;29,98;50,12;28,49;260
3134103;Itueta;74,51;0,635;0,485;93,22;91,82;30,94;54,54;25,01;429,77
3134202;Ituiutaba;75,37;0,739;0,644;90,83;90,76;42,36;64,7;51,25;824,46
3134301;Itumirim;75,39;0,726;0,675;97,97;92,87;60,49;68,03;48,27;533,39
3134400;Iturama;75,88;0,747;0,674;100;93,93;43,12;69,45;52,13;753,23
3134509;Itutinga;77,67;0,727;0,622;93;89,19;42,24;67,66;45,11;634,33
3134608;Jaboticatubas;75,19;0,681;0,543;95,99;78,02;32,39;55,57;37,29;602,48
3134707;Jacinto;73,4;0,62;0,496;88,65;87,54;33,53;48,98;29,09;325,42
3134806;Jacuí;73,61;0,668;0,54;87,95;88;40,8;64,16;32,04;558,14
3134905;Jacutinga;76,82;0,715;0,586;93,79;79,81;41,84;47,71;46,51;717,25
3135001;Jaguaraçu;76,35;0,679;0,548;94,75;88,31;32,33;44,58;38,99;508,65
3135050;Jaíba;72,33;0,638;0,531;92,21;85,37;24,39;54,55;36,46;376,73
3135076;Jampruca;71,86;0,609;0,479;88,29;86,22;30,34;38,89;29,61;344,6
3135100;Janaúba;72,74;0,696;0,649;98,54;90,67;49,43;64,81;47,52;468,29
3135209;Januária;74,22;0,658;0,568;80,09;87,28;31,25;57,95;44,49;359,19
3135308;Japaraíba;75,62;0,721;0,656;100;92,82;56,95;65,95;45,29;541,09
3135357;Japonvar;72,17;0,608;0,514;71,78;92,23;27,81;65,44;32,91;254,77
3135407;Jeceaba;75,66;0,661;0,544;95,79;88,9;36,35;58,19;32,95;401,99
3135456;Jenipapo de Minas;72,59;0,624;0,52;92,96;92,17;25,5;50,79;32,88;309,77
3135506;Jequeri;72,61;0,601;0,451;76,62;84,06;30,51;53;24,63;348,73
3135605;Jequitaí;72,79;0,643;0,552;92,81;82,67;38,08;58,79;36,34;345,53
3135704;Jequitibá;76,26;0,689;0,492;75,97;85,42;33,74;44,93;33,03;1007,03
3135803;Jequitinhonha;73,99;0,615;0,461;83,06;78,8;16,34;44,78;31,63;376,03
3135902;Jesuânia;74,88;0,658;0,507;93,04;87,11;29,94;56,51;29,3;533,26
3136009;Joaíma;72,36;0,587;0,448;80,71;83,05;22,94;41,67;27,47;281,18
3136108;Joanésia;73,2;0,626;0,495;94,18;88,93;26,47;64,33;25,81;369,24
3136207;João Monlevade;75,93;0,758;0,708;94,68;93,58;50,4;71,07;59,16;724,4
3136306;João Pinheiro;72,25;0,697;0,63;92,14;90,13;47,28;63,96;46,49;562,24
3136405;Joaquim Felício;74,44;0,637;0,489;98,87;80,33;25,61;40,63;31,03;433,58
3136504;Jordânia;72,82;0,628;0,506;84,31;81,45;36,28;48,5;32,99;362,77
3136520;José Gonçalves de Minas;70,81;0,632;0,553;95,01;89,14;31,85;61,75;35,11;328,27
3136579;Josenópolis;71,94;0,564;0,424;71,39;84,69;21,42;36,58;26,63;232,47
3136553;José Raydan;72,94;0,617;0,493;98,28;83,31;32,46;54,26;26,62;327,01
3136652;Juatuba;75,94;0,717;0,649;100;93,03;48,29;49,69;51,52;517,18
3136702;Juiz de Fora;75,65;0,778;0,711;95,61;88,56;50,03;63,45;64,97;1050,88
3136801;Juramento;73,48;0,669;0,617;98,08;87,37;39,2;62,58;45,53;335,93
3136900;Juruaia;76,61;0,723;0,553;97,49;82,98;34,85;61,98;35,17;1122,1
3136959;Juvenília;71,57;0,592;0,501;85,94;74,41;32,49;50,16;34,14;223,32
3137007;Ladainha;70,26;0,541;0,391;60,87;76,25;19,85;42,23;24,08;226,72
3137106;Lagamar;75,31;0,718;0,637;95,68;92,99;60,17;59,83;43,32;592,95
3137205;Lagoa da Prata;74,89;0,732;0,655;98,52;91,86;45,36;73,24;47,13;707,01
3137304;Lagoa dos Patos;71,36;0,634;0,556;100;79,01;38,28;59,04;36,03;321,11
3137403;Lagoa Dourada;74,68;0,676;0,554;97,09;94,59;42,1;62,13;30,99;522,62
3137502;Lagoa Formosa;74,91;0,703;0,582;90,51;89,24;51,6;64,72;35,98;693,25
3137536;Lagoa Grande;73,72;0,679;0,568;90,77;87,28;42,81;56,82;38,03;543,58
3137601;Lagoa Santa;76,43;0,777;0,693;98,6;88,19;45,09;59,63;62,45;1089,96
3137700;Lajinha;73,6;0,661;0,541;95,07;86,02;30,22;53,96;36,02;482,87
3137809;Lambari;77,23;0,711;0,596;97,7;87,82;38,01;53,37;44,34;597,16
3137908;Lamim;74,7;0,655;0,546;95,83;85,72;36,85;64,59;32,49;386,1
3138005;Laranjal;76,42;0,714;0,613;98,17;83,51;43,89;58,26;45,63;601,49
3138104;Lassance;72,71;0,629;0,511;100;82,53;23,16;47,95;33,07;364,3
3138203;Lavras;77,8;0,782;0,719;98,16;90,17;55,59;66,04;61,84;889,65
3138302;Leandro Ferreira;77,49;0,71;0,579;100;89,48;42,53;55,49;37,47;649,92
3138351;Leme do Prado;71,73;0,67;0,64;98,95;97,76;48,32;67,39;42,9;338,71
3138401;Leopoldina;77,04;0,726;0,635;95,85;90,85;40,22;57,3;50,56;609,5
3138500;Liberdade;75,01;0,672;0,537;87,35;88,97;31,58;70,65;32;546,79
3138609;Lima Duarte;76,68;0,71;0,59;97,56;86,22;37,38;65,75;40,03;645,22
3138625;Limeira do Oeste;75,04;0,71;0,62;91,72;91,55;44,29;61,72;45,61;595,92
3138658;Lontra;72,61;0,646;0,577;95,56;86,53;38,71;59,64;38,98;312,77
3138674;Luisburgo;73,53;0,608;0,455;77,73;83,01;27,01;60,75;24,4;355,95
3138682;Luislândia;72,96;0,614;0,509;84,66;94,07;38,16;59,84;27,58;273,73
3138708;Luminárias;74,27;0,678;0,578;100;90,46;38,51;61,94;36,55;474,29
3138807;Luz;75;0,724;0,63;100;92,39;45,09;57,16;46,14;720,88
3138906;Machacalis;71,96;0,64;0,552;80,06;87,99;45,31;61,68;35,59;350,63
3139003;Machado;75,9;0,715;0,6;90,84;87,2;44,15;54,96;44,91;701,58
3139102;Madre de Deus de Minas;76,38;0,699;0,598;96,95;77,82;38,47;60,41;45,78;508,21
3139201;Malacacheta;71,05;0,618;0,505;84,87;81,46;33,35;50,11;33,05;353,28
3139250;Mamonas;71,73;0,618;0,537;86,28;95,85;56,42;70;25,96;269,87
3139300;Manga;72,96;0,642;0,53;90,91;81,37;31,1;52,87;36,18;387,71
3139409;Manhuaçu;75,35;0,689;0,563;92,88;85,76;30,18;50,22;42,62;592,99
3139508;Manhumirim;75,74;0,697;0,589;90,44;86,86;40,61;63,46;41,42;547,24
3139607;Mantena;73,16;0,675;0,575;97,43;88,57;26,06;64,69;39,69;505,08
3139706;Maravilhas;75,7;0,672;0,558;98,6;88,68;34,69;48,5;38,13;442,51
3139805;Mar de Espanha;74,51;0,684;0,558;100;85,09;30,21;47,98;40,2;598,93
3139904;Maria da Fé;75,53;0,702;0,637;96,02;91,39;49,24;78,36;41,67;445,11
3140001;Mariana;77,43;0,742;0,664;97,28;87,76;38,41;57,32;59,47;641,84
3140100;Marilac;71,86;0,615;0,488;91,19;83,86;29,74;35,45;32,12;354,33
3140159;Mário Campos;74,99;0,699;0,604;95,03;86,32;41,24;61,48;43,84;551,93
3140209;Maripá de Minas;75,84;0,68;0,555;96,39;84,39;40,09;60,2;34,5;510,92
3140308;Marliéria;75,29;0,657;0,537;100;88,46;25,03;48,63;36,01;401,74
3140407;Marmelópolis;73,36;0,65;0,553;85,6;93,05;30,58;73,58;33,76;367,73
3140506;Martinho Campos;75,61;0,669;0,515;93,34;86,13;26,13;41,95;35,57;579,07
3140530;Martins Soares;73,53;0,635;0,512;77,95;86,49;30,84;65,5;31,48;376,88
3140555;Mata Verde;69,92;0,581;0,45;92,72;69,03;18,97;44,81;28,57;298,19
3140605;Materlândia;71,16;0,597;0,497;97,17;86,22;32,5;50,31;27,68;255,52
3140704;Mateus Leme;75,36;0,704;0,604;94,93;82,64;37,24;56,24;47,86;579,23
3171501;Mathias Lobato;72,71;0,612;0,483;90,1;92,6;23,65;35,67;30,8;326,18
3140803;Matias Barbosa;76,73;0,72;0,616;97,56;87,04;42,17;54,46;47,26;633,76
3140852;Matias Cardoso;72,96;0,616;0,501;97,21;83,99;19,03;44,83;33,47;303
3140902;Matipó;71,8;0,631;0,511;92,38;92,12;32,81;46,1;30,76;403,48
3141009;Mato Verde;72,33;0,662;0,61;97,66;93,09;53,53;69,89;36,87;343,76
3141108;Matozinhos;76,82;0,731;0,654;97,45;94,11;33,71;61,3;54,46;584,15
3141207;Matutina;76,53;0,707;0,552;95,87;89,2;38,91;59,88;33,44;820,03
3141306;Medeiros;76,04;0,711;0,584;98,9;100;39,49;66,78;34,3;715,52
3141405;Medina;74,27;0,624;0,475;88,19;77,29;26,92;39,26;31,85;388,82
3141504;Mendes Pimentel;71,09;0,626;0,518;91,4;86,1;36,53;55,47;30,56;372,96
3141603;Mercês;74,85;0,664;0,515;82,4;77,67;38,29;55,82;33,93;561,75
3141702;Mesquita;72,76;0,656;0,555;93,05;93,74;40,78;66,91;31,47;424,12
3141801;Minas Novas;73,14;0,633;0,528;88,34;86,66;27,72;57,14;34,9;334,06
3141900;Minduri;73,32;0,658;0,56;89,32;73,79;39,59;59,2;40,97;404,95
3142007;Mirabela;72,61;0,665;0,622;94,52;96,12;45,03;74,55;39,86;326,06
3142106;Miradouro;74,64;0,663;0,546;92,54;91,3;41,84;56,53;32,74;443,39
3142205;Miraí;75,19;0,68;0,567;97,43;88,45;38,66;52,29;37,96;493,91
3142254;Miravânia;71,88;0,593;0,492;96,43;84,78;27,02;45,48;29,66;235,64
3142304;Moeda;73,01;0,638;0,494;94,17;75,5;23,07;57,32;30,94;477,77
3142403;Moema;75,87;0,721;0,629;98,51;86,44;44,96;66,01;45,4;634,04
3142502;Monjolos;74,16;0,65;0,548;76,4;89,51;41,51;57,13;37,57;360,58
3142601;Monsenhor Paulo;75,32;0,721;0,654;97,63;93,44;47,45;75,52;45,32;555,78
3142700;Montalvânia;72,96;0,613;0,492;88,89;83,2;22,37;44,3;33,41;305,88
3142809;Monte Alegre de Minas;75,86;0,674;0,516;79,63;83,8;33,62;49,85;36,13;619,1
3142908;Monte Azul;73,63;0,659;0,578;94,19;88,93;39,04;71,54;35,81;358,13
3143005;Monte Belo;75,82;0,688;0,567;91,3;93,75;43,74;63,16;34,2;539,84
3143104;Monte Carmelo;77,1;0,728;0,62;97,54;90,97;39,3;65,47;44,32;689,45
3143153;Monte Formoso;70,92;0,541;0,396;66,45;82,8;16,98;49,31;21,37;206,62
3143203;Monte Santo de Minas;77,46;0,71;0,595;100;87,15;40,11;61,67;40,41;584,09
3143302;Montes Claros;77,07;0,77;0,744;96,94;93,33;58,03;70,94;64,59;650,62
3143401;Monte Sião;77,69;0,724;0,59;98,01;74,83;45,08;66,01;40,76;760,69
3143450;Montezuma;73,55;0,587;0,425;70,62;88,27;21,79;33,69;26,75;308,78
3143500;Morada Nova de Minas;74,79;0,696;0,59;98,82;86,59;46,83;55,56;39,62;577,61
3143609;Morro da Garça;73,97;0,648;0,538;93,86;85,91;20,09;58,22;37,36;376,88
3143708;Morro do Pilar;73,55;0,597;0,422;74,95;81,9;24,94;33,69;25,93;382,62
3143807;Munhoz;74,25;0,647;0,52;91,36;89,72;33,97;47,53;32,69;412,79
3143906;Muriaé;76,18;0,734;0,634;98,41;88,81;40,67;64,35;47,74;758,46
3144003;Mutum;74,3;0,644;0,511;92,51;77,79;32,81;54,66;32,08;415,41
3144102;Muzambinho;76,51;0,74;0,652;97,11;93,67;35,55;68,76;51,02;719,94
3144201;Nacip Raydan;74,85;0,585;0,377;79,62;62,82;18,05;35,22;22,42;429,34
3144300;Nanuque;76,02;0,701;0,609;94,57;81,07;39,08;58,88;48,27;505,55
3144359;Naque;74,32;0,675;0,592;96,68;86,34;41,75;53,61;42,9;408,75
3144375;Natalândia;75,78;0,671;0,557;100;94,48;22,52;60,74;35,86;431,11
3144409;Natércia;73,28;0,693;0,612;95,6;88,36;43,54;72,32;40,77;541,69
3144508;Nazareno;74,82;0,69;0,597;92,27;85,26;41,01;62,47;43,09;491,13
3144607;Nepomuceno;74,3;0,667;0,549;86,39;88,43;32,04;61;36,77;480,79
3144656;Ninheira;72,01;0,556;0,418;90,05;85,2;14,61;39,03;22,39;210,17
3144672;Nova Belém;71,06;0,592;0,481;78,41;86,27;27,31;56,21;28,77;265,9
3144706;Nova Era;74,48;0,709;0,639;98,99;90,37;41,09;59,03;49,74;532,58
3144805;Nova Lima;78,1;0,813;0,704;99,47;90,89;45,7;54,65;65,96;1731,84
3144904;Nova Módica;71,72;0,63;0,527;88,1;87,12;34,21;62,54;31,55;355,66
3145000;Nova Ponte;75,08;0,701;0,562;90,95;85,62;36,59;46,79;42,05;771,68
3145059;Nova Porteirinha;73,63;0,641;0,556;98,61;92,27;29,57;57,26;35,57;302,09
3145109;Nova Resende;75,33;0,671;0,525;82,37;85,77;36,23;63,38;32,32;576,41
3145208;Nova Serrana;76,82;0,715;0,597;92,64;89,59;32,06;53,65;47,48;659,74
3136603;Nova União;74,06;0,662;0,568;93,2;97,06;35,86;68,97;33,72;387,68
3145307;Novo Cruzeiro;72,83;0,571;0,415;69,92;76,28;16,3;43,95;26,75;264,66
3145356;Novo Oriente de Minas;70,26;0,555;0,4;67,11;74,24;23,72;36,98;25,05;274,37
3145372;Novorizonte;73,26;0,616;0,5;93,95;94,54;32,68;50,75;27,09;299,95
3145406;Olaria;74,37;0,636;0,49;89,76;95,87;27,11;56,62;26,01;423,44
3145455;Olhos-D'Água;73,72;0,626;0,498;92,64;90,64;22,4;45,33;31,42;348,9
3145505;Olímpio Noronha;73,56;0,674;0,577;97,15;91,65;34,45;60,33;38,15;475,23
3145604;Oliveira;75,51;0,699;0,587;95,09;85,89;38,57;52,44;43,7;588,2
3145703;Oliveira Fortes;72,61;0,635;0,523;93,02;84,72;38,68;64,16;29,07;369,25
3145802;Onça de Pitangui;73,33;0,663;0,559;96,33;83,53;48,96;62,94;32,79;446,23
3145851;Oratórios;74,42;0,637;0,5;97,15;72,04;36,57;41,63;32,73;395,74
3145877;Orizânia;71,67;0,562;0,414;75,52;92,48;19,8;40,44;21,78;247,35
3145901;Ouro Branco;77,31;0,764;0,68;98,62;88,72;41,22;55,84;62,2;866,02
3146008;Ouro Fino;76,66;0,722;0,622;91,21;86,52;46,95;66,45;45,47;635,38
3146107;Ouro Preto;75,03;0,741;0,677;98,91;93,67;41,36;57,82;58,37;710,55
3146206;Ouro Verde de Minas;72,35;0,595;0,459;85,09;73,95;28,14;43,42;29,03;298,76
3146255;Padre Carvalho;72,71;0,599;0,471;58,01;87,13;34,3;54,55;30,64;286,32
3146305;Padre Paraíso;72,83;0,596;0,478;81,16;83,73;28,92;46,6;30,21;253,77
3146404;Paineiras;74,41;0,669;0,526;96,9;94,12;30,9;52,03;30,98;589,16
3146503;Pains;77,43;0,728;0,616;95,13;89,85;49,14;65,18;41,84;690,97
3146552;Pai Pedro;70,62;0,59;0,52;93,83;88,35;33,82;54,19;30,8;203,93
3146602;Paiva;75,72;0,72;0,672;100;97,74;81,64;88,88;35,84;476,35
3146701;Palma;75,45;0,703;0,623;92,01;79,75;52,65;69,39;44,68;494,63
3146750;Palmópolis;69,29;0,565;0,437;89,94;80,49;21,91;42,62;24,15;259,75
3146909;Papagaios;74,96;0,666;0,545;88,98;87,84;22,58;47,15;42,72;455,96
3147006;Paracatu;76,22;0,744;0,685;93,56;90,83;47,19;72,41;55,61;637,8
3147105;Pará de Minas;75,87;0,725;0,628;98,35;91,45;33,49;56,52;50,46;686,42
3147204;Paraguaçu;75,98;0,715;0,623;100;88,07;36,85;61,23;47,37;587,36
3147303;Paraisópolis;76,11;0,729;0,657;96,08;82,51;51,65;66,17;51,62;592,61
3147402;Paraopeba;72,55;0,694;0,625;95,23;88,7;37,87;64;47,76;530,79
3147501;Passabém;72,23;0,642;0,533;84,8;92,86;42,51;52,01;32,81;405,19
3147600;Passa Quatro;76,59;0,715;0,623;98,32;87,65;38,13;60,67;47,71;561,44
3147709;Passa Tempo;73,46;0,687;0,594;93,26;93,4;52,56;62,71;36,77;535,96
3147808;Passa-Vinte;73,53;0,648;0,507;93,6;90,56;41,94;29,63;32;493,38
3147907;Passos;78,15;0,756;0,658;96,53;87,95;46,21;63,65;52,48;802,97
3147956;Patis;72,23;0,614;0,534;92,62;91,3;32,39;61,77;31,54;244,72
3148004;Patos de Minas;76,31;0,765;0,698;92,24;89,14;55,2;70,67;57,58;843,57
3148103;Patrocínio;76,14;0,729;0,628;92,83;87,57;42,31;62,69;48,46;720,59
3148202;Patrocínio do Muriaé;72,78;0,682;0,576;90,83;92,02;31,65;59,84;40,68;590,26
3148301;Paula Cândido;74,38;0,637;0,497;91,95;78,8;28,63;47,95;32,15;407,91
3148400;Paulistas;72,44;0,625;0,521;90,08;93,6;31,49;50,09;32,22;321,22
3148509;Pavão;73,77;0,627;0,507;88,97;87;30,21;49,69;31,93;333,55
3148608;Peçanha;72,23;0,627;0,497;83,18;86,74;29,37;48,08;32,16;404,21
3148707;Pedra Azul;72,79;0,627;0,518;95,56;86,02;20,05;51,5;34,69;327,18
3148756;Pedra Bonita;69,41;0,573;0,457;89,09;89,07;27,53;37,2;25,87;256,67
3148806;Pedra do Anta;74,26;0,624;0,466;96,75;87,71;21,51;44,26;25,8;418,07
3148905;Pedra do Indaiá;75,6;0,708;0,611;79,62;89,33;46,47;82,48;41,14;578,46
3149002;Pedra Dourada;74,64;0,655;0,539;96,78;85,83;39,71;52,82;33,08;406,3
3149101;Pedralva;73,39;0,675;0,563;91,55;86,78;33,63;67,52;36,54;541,01
3149150;Pedras de Maria da Cruz;72,22;0,614;0,521;89,53;89,64;28,83;58,23;31,75;268,27
3149200;Pedrinópolis;76,29;0,729;0,631;94,9;88,38;52,84;52,7;48,2;702,77
3149309;Pedro Leopoldo;76,33;0,757;0,7;97,68;90,01;51,27;67,69;58,32;721,11
3149408;Pedro Teixeira;72,61;0,637;0,555;87,37;89;29,68;72,94;35,14;309,25
3149507;Pequeri;77,05;0,694;0,557;97,1;70,77;34,23;37,58;48,16;593,92
3149606;Pequi;73,47;0,674;0,564;100;85,8;33,9;46,08;40,61;522,22
3149705;Perdigão;75,6;0,703;0,579;94,79;84,81;33,56;41,28;48,08;668,59
3149804;Perdizes;77,8;0,723;0,571;90,45;88,04;35,03;54,81;41,29;861,29
3149903;Perdões;77,69;0,744;0,661;98,18;86,35;60,72;67,76;47,19;663,06
3149952;Periquito;75,34;0,651;0,555;98,82;84,98;30;58,9;36,7;320,07
3150000;Pescador;74,85;0,656;0,552;91,26;93,13;31,9;62,96;34,52;367,74
3150109;Piau;74,42;0,629;0,467;91,78;85,12;20,7;39,67;28,95;449,68
3150158;Piedade de Caratinga;71,37;0,612;0,477;91,66;89,83;24,72;61,06;24,3;381,36
3150208;Piedade de Ponte Nova;73,14;0,639;0,528;100;87,07;30,53;65,32;29,45;368,71
3150307;Piedade do Rio Grande;74,22;0,678;0,593;94,73;95,84;55,29;82,95;30,93;428,95
3150406;Piedade dos Gerais;75,42;0,626;0,453;97,45;78,23;30,76;38,85;24,83;443,35
3150505;Pimenta;74,93;0,686;0,556;97,75;87,55;34,64;61,91;34,6;613,61
3150539;Pingo-D'Água;69,63;0,619;0,529;95,16;86,85;41,45;55,19;30,44;340,91
3150570;Pintópolis;72,96;0,594;0,469;78,04;84,52;15,22;57,91;29,84;260,14
3150604;Piracema;73,54;0,646;0,515;96,6;82,55;28,05;60,83;30,54;444,75
3150703;Pirajuba;76,46;0,723;0,588;100;81,78;37,17;43,26;47,18;838,37
3150802;Piranga;72,96;0,6;0,461;92,91;85,37;20,31;43,76;26,55;305,73
3150901;Piranguçu;73,36;0,685;0,599;95,42;93,46;41,02;66;39,27;504,1
3151008;Piranguinho;75,45;0,717;0,651;100;93,75;47,15;61,37;48,31;523,5
3151107;Pirapetinga;75,45;0,709;0,624;95,59;87,29;44,31;48,51;51,25;550,3
3151206;Pirapora;74,65;0,731;0,68;99,58;89,44;36,8;66,11;59,08;596,44
3151305;Piraúba;75,56;0,684;0,564;93,5;85,95;32,23;64,82;37,6;527,81
3151404;Pitangui;77,22;0,725;0,617;94,21;84,94;48;47,5;49,84;669
3151503;Piumhi;77,7;0,737;0,625;93,8;92,11;44,49;66,35;44,25;747,2
3151602;Planura;76,1;0,712;0,597;96,35;93,25;31,1;53,08;45,4;669,6
3151701;Poço Fundo;76,95;0,691;0,541;89,26;83,91;46,67;61,04;32,13;644,47
3151800;Poços de Caldas;77,31;0,779;0,706;97,34;88,05;52,21;65,23;61,25;953,96
3151909;Pocrane;72,91;0,626;0,5;88,84;87,94;24,97;55,57;30,17;365,67
3152006;Pompéu;75,05;0,689;0,564;78;88,46;30,5;58,17;44,04;598,83
3152105;Ponte Nova;75,9;0,717;0,608;96,85;84,49;32,54;55,31;49,73;679,67
3152131;Ponto Chique;72,81;0,606;0,493;94,15;73,41;22,15;43,16;35,38;269,28
3152170;Ponto dos Volantes;71,88;0,595;0,478;78,75;86,62;26,25;55,92;28,47;267,46
3152204;Porteirinha;72,74;0,651;0,585;92,63;92,3;40,13;70,76;36,52;320,48
3152303;Porto Firme;73,26;0,634;0,516;78,3;90,64;36,17;54,58;32,67;366,49
3152402;Poté;73,52;0,624;0,515;86,22;90,01;35,81;54,99;30,57;303,44
3152501;Pouso Alegre;77,33;0,774;0,704;96,5;87,17;50,74;65,88;61,9;878,26
3152600;Pouso Alto;75,81;0,71;0,573;100;85,89;49,19;52,06;36,53;778,57
3152709;Prados;76,89;0,689;0,574;96,79;82,9;34,38;73,61;36,6;485,2
3152808;Prata;76,12;0,695;0,536;80,51;83,47;30,49;53,8;39,96;782,28
3152907;Pratápolis;76,74;0,729;0,639;97,83;93,73;45,46;71,45;43,93;636,81
3153004;Pratinha;77,24;0,721;0,607;91,76;87,79;47,57;57,43;44,2;663,39
3153103;Presidente Bernardes;73,23;0,632;0,521;92,12;84,33;35,63;59,59;30,69;341,87
3153202;Presidente Juscelino;72,74;0,614;0,483;71,68;94,9;33,09;56,49;27,48;340,94
3153301;Presidente Kubitschek;72,22;0,595;0,468;69,83;82,63;20,9;62,06;29,64;282,93
3153400;Presidente Olegário;74,88;0,701;0,611;91,05;93,92;39,47;78,59;39,67;546,68
3153608;Prudente de Morais;72,7;0,69;0,629;97,09;91,89;39,59;54,33;49,83;481,48
3153707;Quartel Geral;75,74;0,683;0,557;100;85,16;31,8;49;39,08;539,78
3153806;Queluzito;74,39;0,682;0,575;100;89,31;30,48;69,01;36,46;513,72
3153905;Raposos;74,9;0,73;0,661;93,23;91,49;46,52;56,67;55,56;646,62
3154002;Raul Soares;74,36;0,655;0,52;82,35;81,14;33,46;57,97;34,59;480,45
3154101;Recreio;75,45;0,692;0,589;94,19;84,88;39,73;51,89;44,63;510,95
3154150;Reduto;73,08;0,629;0,48;87,25;89,19;30,17;42,19;28,62;449,53
3154200;Resende Costa;74,4;0,685;0,568;95,85;94,53;36,13;58,07;36,23;580,66
3154309;Resplendor;74,99;0,67;0,543;94,94;74,23;35,59;55,51;37,71;504,18
3154408;Ressaquinha;75,01;0,683;0,599;98,75;94,54;46,25;64,52;37,16;424,03
3154457;Riachinho;72,71;0,632;0,551;86,06;87,85;38,73;56,1;37,04;290,89
3154507;Riacho dos Machados;73,45;0,627;0,547;84,28;88,41;35,39;59,24;36,57;255,57
3154606;Ribeirão das Neves;74,31;0,684;0,591;89,38;88,5;35,67;53,84;46,23;479,77
3154705;Ribeirão Vermelho;76,01;0,737;0,675;96,1;98,63;42,2;62,36;54,99;617,88
3154804;Rio Acima;77,22;0,673;0,508;92,94;66,4;27,5;38,56;41,15;582,71
3154903;Rio Casca;73,79;0,65;0,519;91,94;75,97;33,08;51,16;35,15;460,2
3155009;Rio Doce;73,07;0,664;0,567;100;91,34;37,71;55,61;35,9;439,86
3155108;Rio do Prado;73,4;0,605;0,479;89,44;86,77;19,56;41,41;31,25;283,37
3155207;Rio Espera;73,03;0,602;0,474;87,02;86,94;30,2;60,4;24,32;286,36
3155306;Rio Manso;73,11;0,648;0,501;96,35;90,83;29,61;55,65;27,08;536,99
3155405;Rio Novo;75,07;0,707;0,631;100;79,08;46,48;60,67;48,86;519,69
3155504;Rio Paranaíba;76,28;0,709;0,575;93,68;85,66;52,12;63,35;35;727,2
3155603;Rio Pardo de Minas;72,85;0,624;0,52;83,08;90,78;32,82;59,12;31,77;306,96
3155702;Rio Piracicaba;72,63;0,685;0,605;99;89,74;38,45;67,23;40,8;516,18
3155801;Rio Pomba;76,77;0,714;0,609;92,19;94,06;40,01;52,57;46,61;601,31
3155900;Rio Preto;75,84;0,679;0,557;96,03;72,63;37,09;45,1;43,91;501,52
3156007;Rio Vermelho;72,23;0,558;0,389;59,04;73,99;15,22;40,58;26,46;271,44
3156106;Ritápolis;73,91;0,653;0,526;90,04;87,72;35,14;60,04;31,24;453,87
3156205;Rochedo de Minas;75,92;0,684;0,569;96,5;87,92;40,54;45,87;40,18;494,36
3156304;Rodeiro;72,84;0,668;0,532;94,56;90,03;20,73;44,44;38,61;635,26
3156403;Romaria;73,78;0,708;0,604;100;91,34;34,38;56,67;44,16;716,47
3156452;Rosário da Limeira;73,69;0,662;0,548;94,13;95,39;38,4;51,88;33,49;465,89
3156502;Rubelita;73,46;0,582;0,443;79,86;83,25;28,67;48,3;24,19;248,99
3156601;Rubim;73,99;0,609;0,469;92,09;78,88;31,47;49,89;25,92;311,79
3156700;Sabará;74,99;0,731;0,67;94,08;86,2;43,34;69,22;56,05;619,93
3156809;Sabinópolis;73,71;0,638;0,502;89,17;88,48;19,91;46,58;33,99;420,36
3156908;Sacramento;77,25;0,732;0,619;96,23;84,92;35,82;68,89;46,46;732,35
3157005;Salinas;73,9;0,679;0,551;92,55;86,68;29,73;61,74;36,39;613,65
3157104;Salto da Divisa;75,74;0,608;0,453;91,48;78,53;20,25;39,93;28,13;306,04
3157203;Santa Bárbara;73,97;0,707;0,642;92,17;92,59;35,33;59,08;54,18;535,84
3157252;Santa Bárbara do Leste;73,01;0,613;0,473;82,71;81,77;29,49;54,06;27,63;351,59
3157278;Santa Bárbara do Monte Verde;74,37;0,606;0,438;88,17;78,49;19,34;40,69;26,22;371,34
3157302;Santa Bárbara do Tugúrio;73,57;0,637;0,517;82,67;88,56;32,44;66,97;30,14;370,7
3157336;Santa Cruz de Minas;75,35;0,706;0,636;97,36;95,07;41,26;65,26;46,19;485,28
3157377;Santa Cruz de Salinas;70,41;0,577;0,463;87,7;96,07;18,6;53,51;24,22;242,55
3157401;Santa Cruz do Escalvado;73,91;0,625;0,485;95,44;87,78;18,26;50,35;28,65;374,23
3157500;Santa Efigênia de Minas;72,57;0,607;0,487;79,45;85,72;34,46;57,93;27,81;293,27
3157609;Santa Fé de Minas;73,26;0,615;0,492;86,65;74,85;23,02;38,42;38,41;313,25
3157658;Santa Helena de Minas;68,37;0,567;0,474;70,97;75,6;26,67;59,64;31,52;218,43
3157708;Santa Juliana;77,06;0,706;0,558;83,55;85,48;29,36;51,91;44,28;735
3157807;Santa Luzia;76,52;0,715;0,625;79,92;87,45;42,84;61,45;53;557,62
3157906;Santa Margarida;72,07;0,61;0,455;82,31;84,69;28,1;45,29;25,96;416,11
3158003;Santa Maria de Itabira;74,24;0,648;0,533;95,27;88,56;35,47;58,23;31,53;382,99
3158102;Santa Maria do Salto;70,92;0,613;0,507;100;81,97;26,58;60,64;28,8;321,15
3158201;Santa Maria do Suaçuí;74,03;0,64;0,511;88,64;89,78;32,47;45,52;32,54;401,16
3158300;Santana da Vargem;75,98;0,698;0,587;89,9;90,39;45,26;53,62;41,63;553,7
3158409;Santana de Cataguases;72,58;0,694;0,655;100;97,22;56,66;70,59;42,78;437,81
3158508;Santana de Pirapama;73,93;0,628;0,493;83,45;92,18;35,71;57,87;26,49;373,14
3158607;Santana do Deserto;75,93;0,651;0,493;94,11;65,07;27,21;26,29;42,3;484,73
3158706;Santana do Garambéu;74,32;0,667;0,558;91,79;92,59;46,76;54,83;33,97;452,48
3158805;Santana do Jacaré;72,37;0,647;0,523;91,08;74,06;47,32;46,49;34,19;470,2
3158904;Santana do Manhuaçu;73,53;0,621;0,475;88,84;81,32;29,32;46,87;28,16;383,28
3158953;Santana do Paraíso;77,66;0,685;0,552;66,17;87,94;28,34;60,09;45,7;495,81
3159001;Santana do Riacho;75,02;0,665;0,551;100;88,65;25,02;55,82;36,8;432,77
3159100;Santana dos Montes;73,04;0,647;0,557;96,15;90,94;41,34;67,1;31,69;352,48
3159209;Santa Rita de Caldas;74,36;0,69;0,576;84,04;92,62;42,29;67,73;37,09;597,4
3159407;Santa Rita de Ibitipoca;72,6;0,63;0,505;83,5;95,99;34,06;54,75;28,6;391,79
3159308;Santa Rita de Jacutinga;74,58;0,682;0,567;97,91;85,06;40,87;55,52;37,38;535,45
3159357;Santa Rita de Minas;72,48;0,613;0,464;85,73;81,73;23,72;45,58;28,52;395,61
3159506;Santa Rita do Itueto;71,76;0,607;0,472;71,91;92,51;34,14;55,35;26,05;352,98
3159605;Santa Rita do Sapucaí;74,8;0,721;0,62;88,58;86,05;39,67;57,63;51,48;738,4
3159704;Santa Rosa da Serra;76,95;0,705;0,583;97,53;93,96;42,32;51,82;38,87;603,01
3159803;Santa Vitória;76,88;0,71;0,576;88,51;86,83;41,34;55,32;41,3;698,7
3159902;Santo Antônio do Amparo;74,39;0,672;0,576;95,79;84,34;34,98;63,05;39,51;431,56
3160009;Santo Antônio do Aventureiro;75,45;0,671;0,545;97,4;84,14;45,5;64,51;30,4;485,5
3160108;Santo Antônio do Grama;74,36;0,633;0,493;100;75,12;26,27;45,37;31,46;393,12
3160207;Santo Antônio do Itambé;72,65;0,558;0,408;64,56;85,19;18,29;43,92;24,21;225,85
3160306;Santo Antônio do Jacinto;71,33;0,574;0,427;94;72,06;22,68;39,45;23,86;286,56
3160405;Santo Antônio do Monte;75,37;0,724;0,615;93,31;88,03;36,12;62,3;47,59;781,49
3160454;Santo Antônio do Retiro;72,03;0,57;0,469;67,79;94,62;31,74;52,01;27,29;183,75
3160504;Santo Antônio do Rio Abaixo;74,39;0,669;0,591;96,5;88,85;48,79;65,47;36,82;370,28
3160603;Santo Hipólito;74,44;0,657;0,536;94,49;89,41;39,04;50,39;32,99;431,72
3160702;Santos Dumont;75,84;0,741;0,697;96,09;91,05;54,47;71,08;55,34;578,64
3160801;São Bento Abade;73,03;0,672;0,581;97,77;89,19;31,71;65;38,98;458,65
3160900;São Brás do Suaçuí;73,04;0,664;0,541;94,97;80,53;28,32;51,53;38,75;532,9
3160959;São Domingos das Dores;73,01;0,638;0,539;96,25;83,2;35,58;69,16;31,08;338,29
3161007;São Domingos do Prata;74,36;0,69;0,593;96,38;90,23;43,68;68,13;37,48;531,92
3161056;São Félix de Minas;72,68;0,62;0,51;96,62;89,81;31,87;59,37;27,62;312,33
3161106;São Francisco;73,26;0,638;0,542;81,53;84,16;30,99;58,43;39,21;325,23
3161205;São Francisco de Paula;73,69;0,66;0,537;86,12;89,71;49,49;46,21;33,58;484,92
3161304;São Francisco de Sales;77,01;0,688;0,528;79,2;78,65;29,51;57,2;39,46;665,68
3161403;São Francisco do Glória;74,96;0,663;0,541;97,05;89,04;38,4;47,34;34,24;449,2
3161502;São Geraldo;74,85;0,651;0,507;93,38;79,22;29,34;38,05;36,05;474,14
3161601;São Geraldo da Piedade;71,43;0,6;0,447;63,75;85,61;23,59;49,91;28,69;391,27
3161650;São Geraldo do Baixio;74,43;0,63;0,482;90,13;81,91;32,77;50,67;27,49;404,81
3161700;São Gonçalo do Abaeté;72,75;0,67;0,568;95,26;90,21;43,15;55,05;36,49;502,57
3161809;São Gonçalo do Pará;75,53;0,689;0,57;97,36;87,67;46,04;54,68;36,39;558,07
3161908;São Gonçalo do Rio Abaixo;72,52;0,667;0,569;100;95,03;35,03;43,75;39,27;479,04
3125507;São Gonçalo do Rio Preto;73,91;0,64;0,542;100;89,23;21,33;52,55;36,82;321,22
3162005;São Gonçalo do Sapucaí;75,99;0,715;0,609;98,83;87,25;47,54;51,88;44,44;648,31
3162104;São Gotardo;76,27;0,736;0,632;94,8;92,63;46,96;65,18;45,03;795,14
3162203;São João Batista do Glória;75,69;0,724;0,631;95,9;92,3;55,17;74,64;39,81;676,07
3162252;São João da Lagoa;73,78;0,634;0,546;98,56;91,1;33,8;50,72;34,56;286,35
3162302;São João da Mata;74,29;0,653;0,501;91,42;75,36;25,93;44,64;35,68;538,08
3162401;São João da Ponte;72,17;0,569;0,419;88,57;76,02;19,34;44,35;22,56;258,77
3162450;São João das Missões;71,57;0,529;0,381;78,57;59,38;12,3;30,53;26,96;181,77
3162500;São João Del Rei;76,57;0,758;0,69;99,47;94,9;48,79;59,14;57,43;764,74
3162559;São João do Manhuaçu;75,16;0,65;0,498;81,23;80,07;42,43;42,05;32,79;484,15
3162575;São João do Manteninha;73,3;0,64;0,522;97,21;81,44;36,85;58,93;30,19;385,78
3162609;São João do Oriente;73,32;0,648;0,536;94,26;90,34;37,69;58,47;31,17;404,69
3162658;São João do Pacuí;72,85;0,625;0,504;92,84;85,14;26,82;54,99;30,36;346,53
3162708;São João do Paraíso;73,46;0,615;0,493;78,32;83,54;36,15;51,8;30,69;300,81
3162807;São João Evangelista;73,37;0,638;0,52;85,06;85,67;38,08;47,22;34,4;378,41
3162906;São João Nepomuceno;75,98;0,708;0,6;100;80,97;42,44;50,79;45,87;608,32
3162922;São Joaquim de Bicas;75,62;0,662;0,518;87,53;74,6;29,88;38,17;41,97;498,26
3162948;São José da Barra;77,56;0,739;0,637;96,08;89,25;43,45;65,97;47,46;714,22
3162955;São José da Lapa;75,63;0,729;0,679;98,39;91,54;42,9;71,53;54;540,26
3163003;São José da Safira;70,91;0,583;0,432;86,32;74,29;18,08;32,71;28,83;334,87
3163102;São José da Varginha;76,41;0,704;0,597;97,61;91,52;31,42;68,91;40,52;555,77
3163201;São José do Alegre;75,2;0,717;0,652;98,94;97,09;59,45;74,08;40,92;537,13
3163300;São José do Divino;71,7;0,658;0,583;97,3;86,54;40,52;59,01;39,6;396,81
3163409;São José do Goiabal;73,83;0,666;0,553;100;87,92;22,13;58,93;37,38;476,92
3163508;São José do Jacuri;69,96;0,566;0,417;75,49;87,85;13,84;37,06;25,16;298,57
3163607;São José do Mantimento;74,36;0,657;0,562;91,38;85,71;43,32;60,74;35,91;359,93
3163706;São Lourenço;77,28;0,759;0,673;95,56;88,01;39,12;65,37;58,77;831,32
3163805;São Miguel do Anta;74,7;0,644;0,523;96,83;91,64;38,31;52,44;29,36;370,37
3163904;São Pedro da União;75,16;0,674;0,539;100;84;28,35;58,13;34,22;549,49
3164001;São Pedro dos Ferros;72,34;0,659;0,576;93,4;86;54,74;53,45;36,92;406,87
3164100;São Pedro do Suaçuí;72,08;0,622;0,501;95,32;86,28;35,73;48,59;28,52;358,75
3164209;São Romão;72,22;0,64;0,568;87,32;82,82;28,9;59,16;43,8;307,02
3164308;São Roque de Minas;75,27;0,672;0,517;91,43;88,38;33,22;63,4;28,89;621,11
3164407;São Sebastião da Bela Vista;75,87;0,692;0,569;98,37;80,31;32,12;62,72;39,42;573,43
3164431;São Sebastião da Vargem Alegre;74,64;0,66;0,552;96,13;83,55;38,78;65,96;33,25;406,33
3164472;São Sebastião do Anta;70,98;0,607;0,49;87,89;93,99;28,86;55,67;26,49;327,54
3164506;São Sebastião do Maranhão;73,94;0,581;0,427;75,74;83,08;26,12;47;23,15;267,28
3164605;São Sebastião do Oeste;74,9;0,626;0,434;88,86;77,67;14,31;46,86;25,33;545,07
3164704;São Sebastião do Paraíso;75,15;0,722;0,613;88,5;89,42;40,05;57,76;48,48;775,73
3164803;São Sebastião do Rio Preto;73,55;0,632;0,472;100;80,23;25,74;39,51;27,87;493,59
3164902;São Sebastião do Rio Verde;75,71;0,676;0,568;89,23;82,22;45,15;58,12;38,8;442,98
3165206;São Thomé das Letras;73,03;0,667;0,578;91,1;90,41;40,46;53,1;40,93;428,33
3165008;São Tiago;74,48;0,662;0,533;84,8;90,79;31,29;58,41;34,52;486,69
3165107;São Tomás de Aquino;77,46;0,7;0,568;84,38;93,08;40,15;68,58;35,89;593,38
3165305;São Vicente de Minas;75,72;0,715;0,644;94,87;90,94;43,96;64,67;49,35;527,55
3165404;Sapucaí-Mirim;75,49;0,68;0,563;96,58;84,53;37,45;58,93;37,13;497,65
3165503;Sardoá;73,71;0,636;0,533;82,78;91,74;34,5;64,91;32,15;321,6
3165537;Sarzedo;77,28;0,734;0,643;93,07;84,55;38,57;62,6;54,78;648,26
3165560;Sem-Peixe;74,57;0,654;0,543;71,08;93,53;41,48;81,85;30,75;386,22
3165578;Senador Amaral;74,25;0,661;0,564;100;93,84;24,52;66,33;35,35;385,29
3165602;Senador Cortes;75,05;0,674;0,534;96,75;85,42;43,92;39,14;34,71;581,34
3165701;Senador Firmino;74,75;0,644;0,505;95,05;76,38;25,85;57,03;31,8;426,49
3165800;Senador José Bento;74,41;0,684;0,585;90,82;88,64;62,95;76,35;31,49;493,87
3165909;Senador Modestino Gonçalves;71,94;0,62;0,539;96,64;90,88;25,95;60,34;33,38;271,55
3166006;Senhora de Oliveira;73,03;0,631;0,521;88,05;87,78;31,24;70,55;29,36;339,95
3166105;Senhora do Porto;73,1;0,565;0,378;90,26;75,55;17,36;40,79;17,18;324,4
3166204;Senhora dos Remédios;71,56;0,626;0,548;91,54;93,27;41,38;77,62;28,52;292,26
3166303;Sericita;71,56;0,56;0,375;62,51;71,64;25,85;41,08;20,87;338,3
3166402;Seritinga;76,17;0,66;0,512;59,78;71,22;45,66;51,1;41,45;476,43
3166501;Serra Azul de Minas;73,55;0,557;0,398;57,66;72,59;20,56;40,63;27,35;226,22
3166600;Serra da Saudade;76,78;0,677;0,542;100;80,04;35,34;51,3;35,79;494,31
3166709;Serra dos Aimorés;72,06;0,651;0,539;86,49;88,9;17,1;55,22;40,79;464,82
3166808;Serra do Salitre;76,11;0,696;0,549;89,03;85,83;32,82;53,3;39,03;715,23
3166907;Serrania;75;0,677;0,569;89,04;82,88;37,28;63,91;39,35;470,34
3166956;Serranópolis de Minas;71,38;0,633;0,539;91,9;98,71;33,43;67,52;29,4;351,46
3167004;Serranos;75,05;0,643;0,499;86,22;86,84;30,9;45,59;31,92;425,18
3167103;Serro;75,01;0,656;0,52;92,68;87,46;29,49;49,39;33,46;457,27
3167202;Sete Lagoas;75,37;0,76;0,705;99,56;92,8;48,74;67;59,01;809,26
3165552;Setubinha;69,6;0,542;0,4;57,92;81,13;28,77;41,05;23,51;224,63
3167301;Silveirânia;75,45;0,652;0,511;61,89;78,89;42,68;66,76;33,99;441,85
3167400;Silvianópolis;76,87;0,699;0,559;94,36;85,41;43,37;46,93;38,25;647,64
3167509;Simão Pereira;75,57;0,638;0,478;88,49;70,92;30,12;26,47;37,42;442,7
3167608;Simonésia;74,36;0,632;0,493;88,91;87,44;23,37;47,79;31,27;383,01
3167707;Sobrália;73,28;0,631;0,51;96,56;89,97;26,62;51,99;30,23;357,73
3167806;Soledade de Minas;74,88;0,697;0,606;97,77;86,81;43,35;59,61;43,09;526,23
3167905;Tabuleiro;74,27;0,681;0,578;93,18;89,75;50,68;65,86;34,39;503,88
3168002;Taiobeiras;73,9;0,67;0,578;92,49;92,54;32,24;63,33;39,06;426,91
3168051;Taparuba;72,91;0,645;0,557;100;87,87;33,54;63,7;34,03;344,16
3168101;Tapira;75,8;0,712;0,561;94,53;79,7;34,63;50,67;42,01;902
3168200;Tapiraí;75,84;0,667;0,522;88,13;82,03;33,39;64,98;31,64;517,65
3168309;Taquaraçu de Minas;74,06;0,651;0,525;96,5;87,25;32,71;49,62;32,76;436,05
3168408;Tarumirim;74,72;0,633;0,499;90,48;87,79;30,93;48,21;29,88;364,41
3168507;Teixeiras;73,26;0,675;0,558;96,06;85,68;27,54;58,69;38,69;568,91
3168606;Teófilo Otoni;74,45;0,701;0,598;86,32;85,86;36,77;54,96;49,19;615,34
3168705;Timóteo;75,14;0,77;0,742;98,93;94;51,28;71,73;65,47;786,68
3168804;Tiradentes;78,1;0,74;0,619;100;89,5;33,92;52,92;49,7;802,39
3168903;Tiros;76,13;0,683;0,532;96,87;81,77;38,16;55;32,59;634,3
3169000;Tocantins;72,99;0,688;0,597;95,65;91,25;40,56;59,66;41,22;557,55
3169059;Tocos do Moji;73,49;0,696;0,631;100;94,7;60,44;83,57;35,12;489,05
3169109;Toledo;73,14;0,661;0,546;96,59;92,61;30,29;61,9;32,98;486,02
3169208;Tombos;77,23;0,718;0,607;98,11;81,68;42,93;66,54;42,66;621,05
3169307;Três Corações;76,28;0,744;0,66;84,27;90,05;46,4;67,46;55,35;749,86
3169356;Três Marias;76,93;0,752;0,695;98,2;91,03;53,76;64,27;56,84;645,33
3169406;Três Pontas;75,98;0,731;0,643;97,16;91,51;44,38;64,13;48,07;682,15
3169505;Tumiritinga;74,63;0,626;0,482;97,25;80,05;21,63;43,99;30,4;366,89
3169604;Tupaciguara;76,78;0,719;0,605;96,57;90,7;41,84;50,59;45,3;665,76
3169703;Turmalina;73,98;0,682;0,602;95,79;93,58;45,19;63,06;39,36;446,26
3169802;Turvolândia;74,71;0,696;0,576;93,37;81,61;40,77;65,82;38,63;649,97
3169901;Ubá;75,45;0,724;0,62;96,84;85,9;36,62;56,03;50,29;739,56
3170008;Ubaí;72,22;0,609;0,519;91,61;86;25,12;48,65;35,38;247,91
3170057;Ubaporanga;73,32;0,614;0,475;91,5;84,87;21,78;49,38;27,9;342,3
3170107;Uberaba;75,71;0,772;0,705;91,3;89,01;52,62;64,99;62,95;978,01
3170206;Uberlândia;78,09;0,789;0,716;93,04;88,24;53,45;66,81;64,56;1001,45
3170305;Umburatiba;73,88;0,638;0,531;87,22;88,23;29,47;51,4;36,43;332,13
3170404;Unaí;75,83;0,736;0,651;91,19;88,34;49,64;71,81;48,79;720,51
3170438;União de Minas;74,73;0,672;0,534;93,73;76,57;43,21;50,44;35,02;562,84
3170479;Uruana de Minas;72,6;0,664;0,602;95,74;94,1;46,84;69,84;37,08;360,58
3170503;Urucânia;73,67;0,633;0,498;91,81;84,45;20,41;47,53;33,04;397,46
3170529;Urucuia;71,88;0,619;0,543;66,71;81,77;41,07;55,59;42,69;259,38
3170578;Vargem Alegre;74,12;0,631;0,486;98,83;84,87;24,14;41,41;29,58;407,13
3170602;Vargem Bonita;75,8;0,696;0,597;100;91,49;43,88;67,41;37,05;508,67
3170651;Vargem Grande do Rio Pardo;73,63;0,634;0,559;79,34;92,79;48,74;63,61;34,52;265,02
3170701;Varginha;77,49;0,778;0,707;94,71;92,02;45,61;67,33;62,93;904,57
3170750;Varjão de Minas;75,79;0,711;0,631;98,63;87,2;39,37;73,77;45,12;528,14
3170800;Várzea da Palma;73,83;0,666;0,573;93,03;85,89;28,84;59,83;42,01;413,59
3170909;Varzelândia;73,37;0,594;0,477;86,43;89,43;21,66;50,5;28,22;238,92
3171006;Vazante;76,96;0,742;0,666;83,37;90,86;41,16;84,08;52,58;650,88
3171030;Verdelândia;72,81;0,584;0,462;86,2;83,41;25,44;48,2;26,63;233,27
3171071;Veredinha;72,11;0,632;0,555;88,72;87,95;38,13;70,94;33,57;293,08
3171105;Veríssimo;77,16;0,667;0,501;96,65;67,41;34,24;55,24;31,2;560,98
3171154;Vermelho Novo;72,37;0,612;0,475;65,83;76,51;37,72;57,73;30,43;355,42
3171204;Vespasiano;73,65;0,688;0,592;87,46;84,11;36,64;55,42;47,65;539,05
3171303;Viçosa;77,96;0,775;0,696;94,18;89,71;53,07;63,68;59,49;892,25
3171402;Vieiras;73,47;0,668;0,592;92,02;96,72;52,66;63,58;35,8;386,39
3171600;Virgem da Lapa;72,83;0,61;0,488;81,39;80,47;27,11;57,51;30,66;305,36
3171709;Virgínia;74,73;0,651;0,523;80,05;90,72;29,87;62,65;33,07;415,41
3171808;Virginópolis;74,86;0,675;0,58;95,37;88,63;38,82;54,01;40,83;423,01
3171907;Virgolândia;72,71;0,62;0,497;95,43;88,85;25,08;55,58;28,01;339,03
3172004;Visconde do Rio Branco;75,97;0,709;0,591;95,08;84,64;39,05;55,2;43,96;658,96
3172103;Volta Grande;75,45;0,669;0,531;92,72;84,89;20,91;43,91;40,77;515,46
3172202;Wenceslau Braz;75,53;0,678;0,576;85,26;83,46;52,26;61,04;38,37;439,73
